ATM,USD,1 YR,2 YR,3 YR,4 YR,5 YR,6 YR,7 YR,8 YR,9 YR,10 YR,12 YR,15 YR,20 YR,25 YR,30 YR
1 MO,Vol,71.07,57.3,59.1,57,53.45,46.1,45.78,39.55,38.3,36.9,34.1,29.8,28.43,26.5,27.4
1 MO,Strike,0.3223,0.3889,0.4995,0.6779,0.8972,1.1317,1.3553,1.5585,1.7362,1.8959,2.1656,2.4393,2.6704,2.7874,2.8594
3 MO,Vol,63.63,52.75,54.2,51.45,49.23,46.08,42.6,39.42,37.75,36.15,33.53,29.55,27.78,27.03,27.38
3 MO,Strike,0.3265,0.408,0.5327,0.7274,0.9541,1.1903,1.4143,1.6129,1.7884,1.9467,2.2093,2.4743,2.6981,2.8111,2.8799
6 MO,Vol,62.03,54.28,55.8,52.3,47.97,44.4,42.13,39.2,37.78,36.85,34.25,30.2,28.63,27.65,27.7
6 MO,Strike,0.3596,0.4548,0.607,0.8193,1.0554,1.2924,1.5122,1.706,1.8777,2.0332,2.2812,2.5327,2.7444,2.851,2.914
9 MO,Vol,62.4,55.9,56.7,49.42,46.48,43.03,40.47,38.38,37.1,35.4,33.32,30.18,28.3,27.43,27
9 MO,Strike,0.3951,0.5054,0.6831,0.9119,1.157,1.3938,1.6095,1.7979,1.9649,2.1171,2.3515,2.5888,2.7889,2.8892,2.9466
1 YR,Vol,61.07,56.92,57.17,48.95,45.78,42.28,39.82,37.5,36.2,35.35,33.17,29.93,28.43,27.53,26.85
1 YR,Strike,0.4396,0.5657,0.7666,1.0087,1.2622,1.4997,1.7103,1.8927,2.0555,2.202,2.4232,2.6456,2.8344,2.9281,2.9799
2 YR,Vol,65.9,53.4,48.43,43.98,41.1,37.9,36.38,34.6,33.4,32.78,30.75,27.8,27.43,26.75,26.78
2 YR,Strike,0.6925,0.9315,1.2018,1.4735,1.7199,1.9328,2.1136,2.2733,2.4162,2.5361,2.7105,2.8723,3.014,3.0824,3.1118
3 YR,Vol,55.72,48,42.3,38.82,36.5,34.6,32.85,31.73,30.85,29.75,28.5,26.75,26.15,25,25.55
3 YR,Strike,1.1693,1.46,1.7405,1.9857,2.1928,2.3654,2.5159,2.6525,2.764,2.8454,2.9916,3.0909,3.1859,3.2301,3.2374
4 YR,Vol,46.63,41.3,37.67,35.15,33.4,32.03,30.55,29.2,28.43,27.75,26.83,25.53,25,24.53,24.38
4 YR,Strike,1.7512,2.0325,2.2678,2.4612,2.62,2.7584,2.8842,2.9867,3.0567,3.1234,3.2121,3.2822,3.3349,3.3571,3.3443
5 YR,Vol,38.78,35.5,33.45,31.82,30.65,29.5,28.17,27.28,26.72,26.18,25.43,24.33,24.05,23.5,23.53
5 YR,Strike,2.3184,2.5348,2.7098,2.8515,2.9765,3.092,3.1841,3.2423,3.2998,3.3548,3.3876,3.4355,3.4509,3.4557,3.4254
6 YR,Vol,34.13,32.4,30.68,29.58,28.3,27.28,26.35,25.8,25.2,24.9,24.7,24.4,23.1,23.03,22.6
6 YR,Strike,2.7594,2.9161,3.0416,3.1558,3.2632,3.3458,3.3929,3.4422,3.4908,3.4975,3.5162,3.5366,3.5331,3.5188,3.4795
7 YR,Vol,31.1,29.9,28.73,27.55,26.68,26,25.28,24.85,24.45,24.35,23.75,22.85,22.63,22.38,22.78
7 YR,Strike,3.0776,3.1893,3.2962,3.3995,3.475,3.5113,3.5536,3.5971,3.5944,3.596,3.6065,3.6035,3.5869,3.557,3.5108
8 YR,Vol,28.83,27.9,26.8,25.85,25.2,24.88,24.45,23.9,23.5,23.2,22.83,22.28,21.98,21.97,22.15
8 YR,Strike,3.304,3.4096,3.5138,3.5827,3.6071,3.6427,3.682,3.6698,3.6643,3.6636,3.6697,3.6453,3.62,3.5764,3.5252
9 YR,Vol,26.83,26.03,25.4,24.3,24.38,24.05,23.53,23.1,23.18,22.7,22.4,22,21.55,21.6,21.35
9 YR,Strike,3.5189,3.624,3.6824,3.6899,3.7181,3.7535,3.7301,3.7172,3.7114,3.7096,3.6974,3.6694,3.6373,3.5819,3.5271
10 YR,Vol,25.48,25,24.45,24.03,23.5,23.33,23.1,22.88,22.8,22.58,22.2,21.68,21.15,21.15,21.35
10 YR,Strike,3.7314,3.7687,3.7512,3.7726,3.8057,3.7702,3.75,3.7397,3.735,3.7342,3.704,3.6746,3.6392,3.5737,3.5168
12 YR,Vol,24.42,23.87,23.72,23.56,23.24,23.02,22.77,22.36,22.22,22.2,21.67,20.92,20.65,20.79,21.06
12 YR,Strike,3.7139,3.7769,3.833,3.7706,3.7414,3.7284,3.7235,3.7238,3.7033,3.6877,3.665,3.64,3.5886,3.5226,3.4574
15 YR,Vol,22.98,22.4,23.08,23.03,22.83,22.6,22.35,21.7,21.4,21.65,20.9,19.8,19.9,20.25,20.63
15 YR,Strike,3.5704,3.5911,3.6118,3.6303,3.6481,3.6273,3.6132,3.603,3.5957,3.5886,3.5773,3.5602,3.4846,3.4215,3.3455
20 YR,Vol,21.72,21.88,21.3,21.68,20.8,20.95,20.95,20.78,20.53,20.05,19.65,19,18.93,19.35,19.7
20 YR,Strike,3.5114,3.5144,3.5161,3.5188,3.5174,3.5168,3.5148,3.5126,3.5083,3.5032,3.4609,3.4081,3.3359,3.2476,3.1744
25 YR,Vol,20.15,20.3,19.88,19.63,19.43,19.3,19.3,19.7,19.52,19.43,19.22,18.92,19.35,19.48,21.25
25 YR,Strike,3.5136,3.5074,3.5035,3.495,3.4862,3.4437,3.4114,3.3833,3.3592,3.3378,3.3006,3.252,3.1476,3.0658,2.8813
30 YR,Vol,19.93,20.2,20.23,20.25,20.18,20.15,20.05,20.33,20.18,19.9,19.35,18.52,18.63,18.68,22
30 YR,Strike,3.2074,3.2003,3.1873,3.1749,3.1626,3.1517,3.1393,3.1269,3.1147,3.1033,3.054,2.9941,2.9135,2.6954,2.5322
ATM+25bps,USD,1 YR,2 YR,3 YR,4 YR,5 YR,6 YR,7 YR,8 YR,9 YR,10 YR,12 YR,15 YR,20 YR,25 YR,30 YR
1 MO,Vol,73.01,58.59,60.14,57.74,53.97,46.46,46.07,39.77,38.49,37.07,34.24,29.91,28.52,26.58,27.48
1 MO,Strike,0.5723,0.6389,0.7495,0.9279,1.1472,1.3817,1.6053,1.8085,1.9862,2.1459,2.4156,2.6893,2.9204,3.0374,3.1094
3 MO,Vol,65.33,53.88,55.09,52.07,49.68,46.41,42.86,39.64,37.94,36.31,33.66,29.65,27.87,27.11,27.46
3 MO,Strike,0.5765,0.658,0.7827,0.9774,1.2041,1.4403,1.6643,1.8629,2.0384,2.1967,2.4593,2.7243,2.9481,3.0611,3.1299
6 MO,Vol,63.54,55.32,56.61,52.86,48.37,44.7,42.37,39.4,37.95,37.01,34.38,30.3,28.72,27.74,27.78
6 MO,Strike,0.6096,0.7048,0.857,1.0693,1.3054,1.5424,1.7622,1.956,2.1277,2.2832,2.5312,2.7827,2.9944,3.101,3.164
9 MO,Vol,63.91,56.96,57.49,49.94,46.86,43.32,40.72,38.58,37.28,35.56,33.46,30.29,28.4,27.52,27.09
9 MO,Strike,0.6451,0.7554,0.9331,1.1619,1.407,1.6438,1.8595,2.0479,2.2149,2.3671,2.6015,2.8388,3.0389,3.1392,3.1966
1 YR,Vol,61.17,56.99,57.23,48.98,45.8,42.29,39.84,37.51,36.21,35.36,33.18,29.93,28.43,27.53,26.86
1 YR,Strike,0.6896,0.8157,1.0166,1.2587,1.5122,1.7497,1.9603,2.1427,2.3055,2.452,2.6732,2.8956,3.0844,3.1781,3.2299
2 YR,Vol,65.19,52.97,48.12,43.75,40.92,37.75,36.25,34.49,33.3,32.68,30.67,27.73,27.36,26.69,26.71
2 YR,Strike,0.9425,1.1815,1.4518,1.7235,1.9699,2.1828,2.3636,2.5233,2.6662,2.7861,2.9605,3.1223,3.264,3.3324,3.3618
3 YR,Vol,55.21,47.64,42.03,38.6,36.31,34.43,32.7,31.58,30.72,29.62,28.38,26.64,26.05,24.9,25.45
3 YR,Strike,1.4193,1.71,1.9905,2.2357,2.4428,2.6154,2.7659,2.9025,3.014,3.0954,3.2416,3.3409,3.4359,3.4801,3.4874
4 YR,Vol,45.85,40.71,37.19,34.74,33.03,31.69,30.24,28.92,28.15,27.49,26.58,25.3,24.78,24.31,24.16
4 YR,Strike,2.0012,2.2825,2.5178,2.7112,2.87,3.0084,3.1342,3.2367,3.3067,3.3734,3.4621,3.5322,3.5849,3.6071,3.5943
5 YR,Vol,38.36,35.15,33.15,31.55,30.4,29.26,27.96,27.07,26.52,25.98,25.24,24.15,23.88,23.33,23.36
5 YR,Strike,2.5684,2.7848,2.9598,3.1015,3.2265,3.342,3.4341,3.4923,3.5498,3.6048,3.6376,3.6855,3.7009,3.7057,3.6754
6 YR,Vol,34.03,32.31,30.59,29.5,28.23,27.21,26.29,25.74,25.14,24.84,24.64,24.34,23.05,22.97,22.55
6 YR,Strike,3.0094,3.1661,3.2916,3.4058,3.5132,3.5958,3.6429,3.6922,3.7408,3.7475,3.7662,3.7866,3.7831,3.7688,3.7295
7 YR,Vol,31.02,29.82,28.65,27.48,26.61,25.94,25.22,24.79,24.39,24.29,23.69,22.8,22.57,22.32,22.72
7 YR,Strike,3.3276,3.4393,3.5462,3.6495,3.725,3.7613,3.8036,3.8471,3.8444,3.846,3.8565,3.8535,3.8369,3.807,3.7608
8 YR,Vol,28.38,27.48,26.41,25.48,24.84,24.52,24.11,23.56,23.17,22.87,22.5,21.96,21.66,21.66,21.83
8 YR,Strike,3.554,3.6596,3.7638,3.8327,3.8571,3.8927,3.932,3.9198,3.9143,3.9136,3.9197,3.8953,3.87,3.8264,3.7752
9 YR,Vol,26.42,25.64,25.03,23.95,24.02,23.71,23.19,22.77,22.84,22.37,22.08,21.68,21.23,21.28,21.03
9 YR,Strike,3.7689,3.874,3.9324,3.9399,3.9681,4.0035,3.9801,3.9672,3.9614,3.9596,3.9474,3.9194,3.8873,3.8319,3.7771
10 YR,Vol,25.03,24.57,24.03,23.61,23.1,22.93,22.7,22.48,22.41,22.18,21.81,21.29,20.77,20.77,20.96
10 YR,Strike,3.9814,4.0187,4.0012,4.0226,4.0557,4.0202,4,3.9897,3.985,3.9842,3.954,3.9246,3.8892,3.8237,3.7668
12 YR,Vol,24.05,23.51,23.36,23.21,22.9,22.68,22.43,22.03,21.89,21.87,21.35,20.6,20.33,20.46,20.73
12 YR,Strike,3.9639,4.0269,4.083,4.0206,3.9914,3.9784,3.9735,3.9738,3.9533,3.9377,3.915,3.89,3.8386,3.7726,3.7074
15 YR,Vol,22.69,22.12,22.79,22.74,22.55,22.32,22.07,21.43,21.13,21.38,20.64,19.55,19.65,19.99,20.35
15 YR,Strike,3.8204,3.8411,3.8618,3.8803,3.8981,3.8773,3.8632,3.853,3.8457,3.8386,3.8273,3.8102,3.7346,3.6715,3.5955
20 YR,Vol,21.42,21.56,21,21.37,20.5,20.65,20.65,20.48,20.23,19.76,19.37,18.72,18.64,19.05,19.39
20 YR,Strike,3.7614,3.7644,3.7661,3.7688,3.7674,3.7668,3.7648,3.7626,3.7583,3.7532,3.7109,3.6581,3.5859,3.4976,3.4244
25 YR,Vol,19.88,20.03,19.61,19.36,19.17,19.04,19.04,19.43,19.26,19.16,18.96,18.66,19.07,19.18,20.91
25 YR,Strike,3.7636,3.7574,3.7535,3.745,3.7362,3.6937,3.6614,3.6333,3.6092,3.5878,3.5506,3.502,3.3976,3.3158,3.1313
30 YR,Vol,19.59,19.86,19.89,19.91,19.83,19.81,19.71,19.98,19.83,19.56,19.01,18.2,18.29,18.32,21.56
30 YR,Strike,3.4574,3.4503,3.4373,3.4249,3.4126,3.4017,3.3893,3.3769,3.3647,3.3533,3.304,3.2441,3.1635,2.9454,2.7822
ATM-25bps,USD,1 YR,2 YR,3 YR,4 YR,5 YR,6 YR,7 YR,8 YR,9 YR,10 YR,12 YR,15 YR,20 YR,25 YR,30 YR
1 MO,Vol,69.13,56,58.06,56.26,52.93,45.74,45.48,39.33,38.11,36.73,33.96,29.69,28.33,26.42,27.32
1 MO,Strike,0.0723,0.1389,0.2495,0.4279,0.6472,0.8817,1.1053,1.3085,1.4862,1.6459,1.9156,2.1893,2.4204,2.5374,2.6094
3 MO,Vol,61.91,51.61,53.3,50.83,48.77,45.73,42.33,39.21,37.56,35.99,33.39,29.44,27.68,26.94,27.29
3 MO,Strike,0.0765,0.158,0.2827,0.4774,0.7041,0.9403,1.1643,1.3629,1.5384,1.6967,1.9593,2.2243,2.4481,2.5611,2.6299
6 MO,Vol,60.51,53.22,54.99,51.74,47.57,44.1,41.88,39,37.6,36.69,34.12,30.09,28.53,27.56,27.62
6 MO,Strike,0.1096,0.2048,0.357,0.5693,0.8054,1.0424,1.2622,1.456,1.6277,1.7832,2.0312,2.2827,2.4944,2.601,2.664
9 MO,Vol,60.88,54.84,55.9,48.9,46.09,42.73,40.23,38.17,36.92,35.24,33.19,30.06,28.2,27.33,26.91
9 MO,Strike,0.1451,0.2554,0.4331,0.6619,0.907,1.1438,1.3595,1.5479,1.7149,1.8671,2.1015,2.3388,2.5389,2.6392,2.6966
1 YR,Vol,60.98,56.85,57.12,48.92,45.75,42.25,39.81,37.49,36.19,35.34,33.17,29.92,28.42,27.52,26.84
1 YR,Strike,0.1896,0.3157,0.5166,0.7587,1.0122,1.2497,1.4603,1.6427,1.8055,1.952,2.1732,2.3956,2.5844,2.6781,2.7299
2 YR,Vol,66.6,53.83,48.72,44.2,41.28,38.05,36.5,34.71,33.5,32.87,30.83,27.87,27.49,26.81,26.84
2 YR,Strike,0.4425,0.6815,0.9518,1.2235,1.4699,1.6828,1.8636,2.0233,2.1662,2.2861,2.4605,2.6223,2.764,2.8324,2.8618
3 YR,Vol,56.34,48.43,42.62,39.08,36.72,34.79,33.02,31.88,30.99,29.89,28.62,26.86,26.26,25.1,25.65
3 YR,Strike,0.9193,1.21,1.4905,1.7357,1.9428,2.1154,2.2659,2.4025,2.514,2.5954,2.7416,2.8409,2.9359,2.9801,2.9874
4 YR,Vol,47.85,42.21,38.4,35.76,33.94,32.51,30.99,29.6,28.8,28.11,27.16,25.83,25.29,24.81,24.66
4 YR,Strike,1.5012,1.7825,2.0178,2.2112,2.37,2.5084,2.6342,2.7367,2.8067,2.8734,2.9621,3.0322,3.0849,3.1071,3.0943
5 YR,Vol,39.47,36.06,33.92,32.24,31.02,29.84,28.48,27.56,27,26.43,25.67,24.56,24.28,23.72,23.75
5 YR,Strike,2.0684,2.2848,2.4598,2.6015,2.7265,2.842,2.9341,2.9923,3.0498,3.1048,3.1376,3.1855,3.2009,3.2057,3.1754
6 YR,Vol,34.22,32.49,30.76,29.65,28.37,27.34,26.41,25.86,25.26,24.96,24.76,24.46,23.15,23.08,22.65
6 YR,Strike,2.5094,2.6661,2.7916,2.9058,3.0132,3.0958,3.1429,3.1922,3.2408,3.2475,3.2662,3.2866,3.2831,3.2688,3.2295
7 YR,Vol,31.19,29.98,28.8,27.62,26.74,26.07,25.34,24.91,24.51,24.41,23.81,22.91,22.68,22.43,22.83
7 YR,Strike,2.8276,2.9393,3.0462,3.1495,3.225,3.2613,3.3036,3.3471,3.3444,3.346,3.3565,3.3535,3.3369,3.307,3.2608
8 YR,Vol,29.48,28.5,27.35,26.37,25.7,25.36,24.92,24.36,23.96,23.65,23.27,22.71,22.41,22.42,22.61
8 YR,Strike,3.054,3.1596,3.2638,3.3327,3.3571,3.3927,3.432,3.4198,3.4143,3.4136,3.4197,3.3953,3.37,3.3264,3.2752
9 YR,Vol,27.29,26.46,25.82,24.7,24.77,24.44,23.91,23.48,23.55,23.07,22.77,22.36,21.91,21.96,21.72
9 YR,Strike,3.2689,3.374,3.4324,3.4399,3.4681,3.5035,3.4801,3.4672,3.4614,3.4596,3.4474,3.4194,3.3873,3.3319,3.2771
10 YR,Vol,26.01,25.51,24.96,24.52,23.98,23.8,23.58,23.35,23.27,23.04,22.67,22.13,21.6,21.61,21.82
10 YR,Strike,3.4814,3.5187,3.5012,3.5226,3.5557,3.5202,3.5,3.4897,3.485,3.4842,3.454,3.4246,3.3892,3.3237,3.2668
12 YR,Vol,24.9,24.31,24.12,24.01,23.72,23.49,23.22,22.8,22.67,22.65,22.12,21.36,21.08,21.23,21.52
12 YR,Strike,3.4639,3.5269,3.583,3.5206,3.4914,3.4784,3.4735,3.4738,3.4533,3.4377,3.415,3.39,3.3386,3.2726,3.2074
15 YR,Vol,23.46,22.87,23.56,23.5,23.3,23.07,22.81,22.15,21.85,22.1,21.34,20.22,20.33,20.69,21.09
15 YR,Strike,3.3204,3.3411,3.3618,3.3803,3.3981,3.3773,3.3632,3.353,3.3457,3.3386,3.3273,3.3102,3.2346,3.1715,3.0955
20 YR,Vol,22.11,22.26,21.67,22.05,21.16,21.32,21.32,21.14,20.89,20.4,20,19.34,19.27,19.72,20.08
20 YR,Strike,3.2614,3.2644,3.2661,3.2688,3.2674,3.2668,3.2648,3.2626,3.2583,3.2532,3.2109,3.1581,3.0859,2.9976,2.9244
25 YR,Vol,20.56,20.71,20.28,20.02,19.82,19.7,19.7,20.11,19.94,19.84,19.64,19.34,19.79,19.93,21.77
25 YR,Strike,3.2636,3.2574,3.2535,3.245,3.2362,3.1937,3.1614,3.1333,3.1092,3.0878,3.0506,3.002,2.8976,2.8158,2.6313
30 YR,Vol,20.35,20.64,20.66,20.69,20.62,20.59,20.49,20.77,20.62,20.34,19.79,18.95,19.07,19.15,22.6
30 YR,Strike,2.9574,2.9503,2.9373,2.9249,2.9126,2.9017,2.8893,2.8769,2.8647,2.8533,2.804,2.7441,2.6635,2.4454,2.2822
1 MO,Vol,74.94,59.88,61.18,58.47,54.49,46.81,46.37,40,38.69,37.24,34.38,30.01,28.61,26.67,27.57
ATM+50bps,USD,1 YR,2 YR,3 YR,4 YR,5 YR,6 YR,7 YR,8 YR,9 YR,10 YR,12 YR,15 YR,20 YR,25 YR,30 YR
1 MO,Strike,0.8223,0.8889,0.9995,1.1779,1.3972,1.6317,1.8553,2.0585,2.2362,2.3959,2.6656,2.9393,3.1704,3.2874,3.3594
3 MO,Vol,67.04,55.02,55.98,52.69,50.13,46.75,43.13,39.85,38.12,36.48,33.79,29.76,27.96,27.19,27.54
3 MO,Strike,0.8265,0.908,1.0327,1.2274,1.4541,1.6903,1.9143,2.1129,2.2884,2.4467,2.7093,2.9743,3.1981,3.3111,3.3799
6 MO,Vol,65.05,56.37,57.41,53.42,48.77,45,42.61,39.6,38.13,37.17,34.51,30.41,28.81,27.82,27.87
6 MO,Strike,0.8596,0.9548,1.107,1.3193,1.5554,1.7924,2.0122,2.206,2.3777,2.5332,2.7812,3.0327,3.2444,3.351,3.414
9 MO,Vol,65.42,58.02,58.29,50.46,47.24,43.62,40.96,38.78,37.46,35.72,33.6,30.4,28.49,27.61,27.18
9 MO,Strike,0.8951,1.0054,1.1831,1.4119,1.657,1.8938,2.1095,2.2979,2.4649,2.6171,2.8515,3.0888,3.2889,3.3892,3.4466
1 YR,Vol,61.26,57.06,57.28,49.02,45.82,42.31,39.86,37.53,36.22,35.37,33.19,29.94,28.44,27.54,26.86
1 YR,Strike,0.9396,1.0657,1.2666,1.5087,1.7622,1.9997,2.2103,2.3927,2.5555,2.702,2.9232,3.1456,3.3344,3.4281,3.4799
2 YR,Vol,64.48,52.55,47.82,43.53,40.74,37.61,36.12,34.37,33.19,32.58,30.58,27.66,27.29,26.62,26.65
2 YR,Strike,1.1925,1.4315,1.7018,1.9735,2.2199,2.4328,2.6136,2.7733,2.9162,3.0361,3.2105,3.3723,3.514,3.5824,3.6118
3 YR,Vol,54.75,47.32,41.79,38.41,36.14,34.29,32.57,31.47,30.61,29.52,28.29,26.56,25.97,24.83,25.38
3 YR,Strike,1.6693,1.96,2.2405,2.4857,2.6928,2.8654,3.0159,3.1525,3.264,3.3454,3.4916,3.5909,3.6859,3.7301,3.7374
4 YR,Vol,45.11,40.12,36.71,34.32,32.66,31.35,29.93,28.63,27.88,27.23,26.34,25.07,24.56,24.1,23.95
4 YR,Strike,2.2512,2.5325,2.7678,2.9612,3.12,3.2584,3.3842,3.4867,3.5567,3.6234,3.7121,3.7822,3.8349,3.8571,3.8443
5 YR,Vol,37.95,34.81,32.84,31.27,30.14,29.03,27.74,26.86,26.32,25.79,25.05,23.98,23.71,23.16,23.19
5 YR,Strike,2.8184,3.0348,3.2098,3.3515,3.4765,3.592,3.6841,3.7423,3.7998,3.8548,3.8876,3.9355,3.9509,3.9557,3.9254
6 YR,Vol,33.93,32.22,30.51,29.42,28.16,27.14,26.22,25.68,25.08,24.79,24.59,24.29,22.99,22.92,22.5
6 YR,Strike,3.2594,3.4161,3.5416,3.6558,3.7632,3.8458,3.8929,3.9422,3.9908,3.9975,4.0162,4.0366,4.0331,4.0188,3.9795
7 YR,Vol,30.95,29.76,28.59,27.43,26.56,25.89,25.17,24.74,24.35,24.25,23.65,22.75,22.53,22.28,22.68
7 YR,Strike,3.5776,3.6893,3.7962,3.8995,3.975,4.0113,4.0536,4.0971,4.0944,4.096,4.1065,4.1035,4.0869,4.057,4.0108
8 YR,Vol,27.99,27.11,26.06,25.14,24.52,24.2,23.8,23.26,22.87,22.58,22.21,21.67,21.38,21.37,21.54
8 YR,Strike,3.804,3.9096,4.0138,4.0827,4.1071,4.1427,4.182,4.1698,4.1643,4.1636,4.1697,4.1453,4.12,4.0764,4.0252
9 YR,Vol,26.11,25.34,24.75,23.67,23.75,23.44,22.93,22.51,22.58,22.12,21.82,21.43,20.99,21.03,20.78
9 YR,Strike,4.0189,4.124,4.1824,4.1899,4.2181,4.2535,4.2301,4.2172,4.2114,4.2096,4.1974,4.1694,4.1373,4.0819,4.0271
10 YR,Vol,24.65,24.19,23.66,23.25,22.74,22.57,22.35,22.13,22.06,21.84,21.48,20.97,20.45,20.45,20.63
10 YR,Strike,4.2314,4.2687,4.2512,4.2726,4.3057,4.2702,4.25,4.2397,4.235,4.2342,4.204,4.1746,4.1392,4.0737,4.0168
12 YR,Vol,23.73,23.21,23.11,22.9,22.57,22.36,22.12,21.73,21.58,21.55,21.04,20.3,20.04,20.17,20.42
12 YR,Strike,4.2139,4.2769,4.333,4.2706,4.2414,4.2284,4.2235,4.2238,4.2033,4.1877,4.165,4.14,4.0886,4.0226,3.9574
15 YR,Vol,22.43,21.87,22.53,22.48,22.29,22.07,21.82,21.19,20.89,21.13,20.4,19.33,19.41,19.75,20.1
15 YR,Strike,4.0704,4.0911,4.1118,4.1303,4.1481,4.1273,4.1132,4.103,4.0957,4.0886,4.0773,4.0602,3.9846,3.9215,3.8455
20 YR,Vol,21.13,21.27,20.72,21.08,20.23,20.37,20.37,20.2,19.96,19.5,19.1,18.46,18.38,18.78,19.1
20 YR,Strike,4.0114,4.0144,4.0161,4.0188,4.0174,4.0168,4.0148,4.0126,4.0083,4.0032,3.9609,3.9081,3.8359,3.7476,3.6744
25 YR,Vol,19.65,19.79,19.38,19.13,18.94,18.81,18.81,19.19,19.02,18.92,18.72,18.42,18.82,18.93,20.64
25 YR,Strike,4.0136,4.0074,4.0035,3.995,3.9862,3.9437,3.9114,3.8833,3.8592,3.8378,3.8006,3.752,3.6476,3.5658,3.3813
30 YR,Vol,19.35,19.61,19.63,19.66,19.58,19.56,19.46,19.72,19.57,19.3,18.76,17.95,18.04,18.04,21.24
30 YR,Strike,3.7074,3.7003,3.6873,3.6749,3.6626,3.6517,3.6393,3.6269,3.6147,3.6033,3.554,3.4941,3.4135,3.1954,3.0322
ATM-50bps,USD,1 YR,2 YR,3 YR,4 YR,5 YR,6 YR,7 YR,8 YR,9 YR,10 YR,12 YR,15 YR,20 YR,25 YR,30 YR
1 MO,Vol,,,,55.52,52.4,45.38,45.18,39.1,37.91,36.56,33.82,29.58,28.24,26.33,27.23
1 MO,Strike,,,,0.1779,0.3972,0.6317,0.8553,1.0585,1.2362,1.3959,1.6656,1.9393,2.1704,2.2874,2.3594
3 MO,Vol,,,52.41,50.2,48.32,45.39,42.07,38.99,37.38,35.82,33.26,29.34,27.59,26.86,27.21
3 MO,Strike,,,0.0327,0.2274,0.4541,0.6903,0.9143,1.1129,1.2884,1.4467,1.7093,1.9743,2.1981,2.3111,2.3799
6 MO,Vol,,,54.18,51.18,47.17,43.79,41.63,38.8,37.42,36.53,33.99,29.99,28.44,27.48,27.53
6 MO,Strike,,,0.107,0.3193,0.5554,0.7924,1.0122,1.206,1.3777,1.5332,1.7812,2.0327,2.2444,2.351,2.414
9 MO,Vol,,53.79,55.1,48.38,45.7,42.43,39.99,37.96,36.74,35.08,33.05,29.95,28.11,27.24,26.82
9 MO,Strike,,0.0054,0.1831,0.4119,0.657,0.8938,1.1095,1.2979,1.4649,1.6171,1.8515,2.0888,2.2889,2.3892,2.4466
1 YR,Vol,,56.78,57.07,48.88,45.72,42.23,39.79,37.47,36.17,35.33,33.16,29.91,28.41,27.51,26.84
1 YR,Strike,,0.0657,0.2666,0.5087,0.7622,0.9997,1.2103,1.3927,1.5555,1.702,1.9232,2.1456,2.3344,2.4281,2.4799
2 YR,Vol,67.31,54.25,49.02,44.42,41.45,38.19,36.63,34.83,33.61,32.97,30.92,27.94,27.56,26.88,26.9
2 YR,Strike,0.1925,0.4315,0.7018,0.9735,1.2199,1.4328,1.6136,1.7733,1.9162,2.0361,2.2105,2.3723,2.514,2.5824,2.6118
3 YR,Vol,56.96,48.85,42.93,39.33,36.93,34.98,33.19,32.04,31.14,30.02,28.75,26.97,26.36,25.2,25.76
3 YR,Strike,0.6693,0.96,1.2405,1.4857,1.6928,1.8654,2.0159,2.1525,2.264,2.3454,2.4916,2.5909,2.6859,2.7301,2.7374
4 YR,Vol,49.29,43.31,39.3,36.53,34.63,33.13,31.56,30.12,29.3,28.58,27.61,26.25,25.7,25.2,25.05
4 YR,Strike,1.2512,1.5325,1.7678,1.9612,2.12,2.2584,2.3842,2.4867,2.5567,2.6234,2.7121,2.7822,2.8349,2.8571,2.8443
5 YR,Vol,40.47,36.89,34.66,32.91,31.64,30.41,29.01,28.07,27.48,26.9,26.12,24.98,24.69,24.13,24.16
5 YR,Strike,1.8184,2.0348,2.2098,2.3515,2.4765,2.592,2.6841,2.7423,2.7998,2.8548,2.8876,2.9355,2.9509,2.9557,2.9254
6 YR,Vol,34.32,32.58,30.84,29.73,28.44,27.41,26.47,25.92,25.32,25.01,24.81,24.51,23.21,23.13,22.7
6 YR,Strike,2.2594,2.4161,2.5416,2.6558,2.7632,2.8458,2.8929,2.9422,2.9908,2.9975,3.0162,3.0366,3.0331,3.0188,2.9795
7 YR,Vol,31.28,30.07,28.88,27.7,26.81,26.13,25.4,24.97,24.57,24.47,23.87,22.96,22.74,22.49,22.89
7 YR,Strike,2.5776,2.6893,2.7962,2.8995,2.975,3.0113,3.0536,3.0971,3.0944,3.096,3.1065,3.1035,3.0869,3.057,3.0108
8 YR,Vol,30.38,29.35,28.15,27.12,26.43,26.07,25.61,25.04,24.63,24.31,23.92,23.35,23.04,23.06,23.26
8 YR,Strike,2.804,2.9096,3.0138,3.0827,3.1071,3.1427,3.182,3.1698,3.1643,3.1636,3.1697,3.1453,3.12,3.0764,3.0252
9 YR,Vol,28.07,27.17,26.48,25.33,25.39,25.04,24.5,24.07,24.15,23.65,23.35,22.94,22.49,22.57,22.33
9 YR,Strike,3.0189,3.124,3.1824,3.1899,3.2181,3.2535,3.2301,3.2172,3.2114,3.2096,3.1974,3.1694,3.1373,3.0819,3.0271
10 YR,Vol,26.58,26.07,25.51,25.06,24.5,24.33,24.1,23.87,23.79,23.55,23.17,22.63,22.09,22.11,22.34
10 YR,Strike,3.2314,3.2687,3.2512,3.2726,3.3057,3.2702,3.25,3.2397,3.235,3.2342,3.204,3.1746,3.1392,3.0737,3.0168
12 YR,Vol,25.44,24.83,24.64,24.52,24.22,23.99,23.72,23.29,23.15,23.14,22.6,21.82,21.55,21.71,22.01
12 YR,Strike,3.2139,3.2769,3.333,3.2706,3.2414,3.2284,3.2235,3.2238,3.2033,3.1877,3.165,3.14,3.0886,3.0226,2.9574
15 YR,Vol,23.94,23.34,24.04,23.98,23.77,23.54,23.28,22.61,22.3,22.56,21.78,20.64,20.76,21.14,21.56
15 YR,Strike,3.0704,3.0911,3.1118,3.1303,3.1481,3.1273,3.1132,3.103,3.0957,3.0886,3.0773,3.0602,2.9846,2.9215,2.8455
20 YR,Vol,22.48,22.64,22.04,22.43,21.52,21.68,21.68,21.5,21.24,20.75,20.34,19.68,19.62,20.07,20.45
20 YR,Strike,3.0114,3.0144,3.0161,3.0188,3.0174,3.0168,3.0148,3.0126,3.0083,3.0032,2.9609,2.9081,2.8359,2.7476,2.6744
25 YR,Vol,20.95,21.11,20.67,20.41,20.2,20.08,20.09,20.51,20.33,20.23,20.03,19.73,20.19,20.34,22.24
25 YR,Strike,3.0136,3.0074,3.0035,2.995,2.9862,2.9437,2.9114,2.8833,2.8592,2.8378,2.8006,2.752,2.6476,2.5658,2.3813
30 YR,Vol,20.73,21.02,21.05,21.08,21,20.98,20.88,21.16,21.01,20.73,20.17,19.34,19.49,19.69,23.35
30 YR,Strike,2.7074,2.7003,2.6873,2.6749,2.6626,2.6517,2.6393,2.6269,2.6147,2.6033,2.554,2.4941,2.4135,2.1954,2.0322
ATM+100bps,USD,1 YR,2 YR,3 YR,4 YR,5 YR,6 YR,7 YR,8 YR,9 YR,10 YR,12 YR,15 YR,20 YR,25 YR,30 YR
1 MO,Vol,78.76,62.46,63.25,59.95,55.54,47.53,46.96,40.44,39.07,37.58,34.65,30.23,28.8,26.83,27.74
1 MO,Strike,1.3223,1.3889,1.4995,1.6779,1.8972,2.1317,2.3553,2.5585,2.7362,2.8959,3.1656,3.4393,3.6704,3.7874,3.8594
3 MO,Vol,70.42,57.28,57.77,53.93,51.04,47.43,43.66,40.28,38.49,36.8,34.06,29.97,28.14,27.36,27.71
3 MO,Strike,1.3265,1.408,1.5327,1.7274,1.9541,2.1903,2.4143,2.6129,2.7884,2.9467,3.2093,3.4743,3.6981,3.8111,3.8799
6 MO,Vol,68.05,58.46,59.03,54.54,49.57,45.61,43.1,40.01,38.48,37.49,34.78,30.62,28.99,27.99,28.03
6 MO,Strike,1.3596,1.4548,1.607,1.8193,2.0554,2.2924,2.5122,2.706,2.8777,3.0332,3.2812,3.5327,3.7444,3.851,3.914
9 MO,Vol,68.42,60.14,59.88,51.5,48.01,44.21,41.44,39.19,37.82,36.04,33.87,30.62,28.69,27.79,27.35
9 MO,Strike,1.3951,1.5054,1.6831,1.9119,2.157,2.3938,2.6095,2.7979,2.9649,3.1171,3.3515,3.5888,3.7889,3.8892,3.9466
1 YR,Vol,61.46,57.2,57.38,49.08,45.87,42.35,39.89,37.55,36.25,35.39,33.21,29.96,28.45,27.55,26.87
1 YR,Strike,1.4396,1.5657,1.7666,2.0087,2.2622,2.4997,2.7103,2.8927,3.0555,3.202,3.4232,3.6456,3.8344,3.9281,3.9799
2 YR,Vol,63.92,52.01,47.3,43.09,40.39,37.32,35.86,34.15,32.99,32.39,30.41,27.51,27.15,26.49,26.52
2 YR,Strike,1.6925,1.9315,2.2018,2.4735,2.7199,2.9328,3.1136,3.2733,3.4162,3.5361,3.7105,3.8723,4.014,4.0824,4.1118
3 YR,Vol,53.98,46.72,41.31,38.03,35.82,34,32.31,31.23,30.39,29.32,28.1,26.39,25.81,24.68,25.22
3 YR,Strike,2.1693,2.46,2.7405,2.9857,3.1928,3.3654,3.5159,3.6525,3.764,3.8454,3.9916,4.0909,4.1859,4.2301,4.2374
4 YR,Vol,44.42,39.52,36.15,33.79,32.15,30.86,29.46,28.18,27.44,26.8,25.92,24.67,24.17,23.71,23.57
4 YR,Strike,2.7512,3.0325,3.2678,3.4612,3.62,3.7584,3.8842,3.9867,4.0567,4.1234,4.2121,4.2822,4.3349,4.3571,4.3443
5 YR,Vol,37.15,34.12,32.23,30.72,29.63,28.56,27.3,26.44,25.92,25.4,24.68,23.63,23.36,22.83,22.85
5 YR,Strike,3.3184,3.5348,3.7098,3.8515,3.9765,4.092,4.1841,4.2423,4.2998,4.3548,4.3876,4.4355,4.4509,4.4557,4.4254
6 YR,Vol,33.77,32.08,30.39,29.3,28.05,27.04,26.12,25.58,24.99,24.69,24.49,24.2,22.91,22.83,22.41
6 YR,Strike,3.7594,3.9161,4.0416,4.1558,4.2632,4.3458,4.3929,4.4422,4.4908,4.4975,4.5162,4.5366,4.5331,4.5188,4.4795
7 YR,Vol,30.82,29.64,28.48,27.32,26.46,25.79,25.07,24.65,24.26,24.16,23.56,22.67,22.45,22.2,22.59
7 YR,Strike,4.0776,4.1893,4.2962,4.3995,4.475,4.5113,4.5536,4.5971,4.5944,4.596,4.6065,4.6035,4.5869,4.557,4.5108
8 YR,Vol,27.44,26.58,25.54,24.64,24.03,23.73,23.33,22.8,22.42,22.13,21.78,21.25,20.96,20.95,21.11
8 YR,Strike,4.304,4.4096,4.5138,4.5827,4.6071,4.6427,4.682,4.6698,4.6643,4.6636,4.6697,4.6453,4.62,4.5764,4.5252
9 YR,Vol,25.85,25.09,24.48,23.42,23.5,23.18,22.68,22.27,22.34,21.88,21.59,21.21,20.77,20.82,20.58
9 YR,Strike,4.5189,4.624,4.6824,4.6899,4.7181,4.7535,4.7301,4.7172,4.7114,4.7096,4.6974,4.6694,4.6373,4.5819,4.5271
10 YR,Vol,24.2,23.76,23.23,22.83,22.34,22.17,21.95,21.73,21.66,21.45,21.09,20.58,20.07,20.06,20.24
10 YR,Strike,4.7314,4.7687,4.7512,4.7726,4.8057,4.7702,4.75,4.7397,4.735,4.7342,4.704,4.6746,4.6392,4.5737,4.5168
12 YR,Vol,23.36,22.85,22.75,22.55,22.22,22.01,21.78,21.39,21.24,21.22,20.71,19.98,19.71,19.84,20.09
12 YR,Strike,4.7139,4.7769,4.833,4.7706,4.7414,4.7284,4.7235,4.7238,4.7033,4.6877,4.665,4.64,4.5886,4.5226,4.4574
15 YR,Vol,22.14,21.59,22.24,22.2,22.01,21.79,21.54,20.91,20.62,20.86,20.14,19.08,19.16,19.49,19.84
15 YR,Strike,4.5704,4.5911,4.6118,4.6303,4.6481,4.6273,4.6132,4.603,4.5957,4.5886,4.5773,4.5602,4.4846,4.4215,4.3455
20 YR,Vol,20.75,20.89,20.34,20.7,19.86,20.01,20.01,19.84,19.6,19.14,18.75,18.12,18.04,18.43,18.74
20 YR,Strike,4.5114,4.5144,4.5161,4.5188,4.5174,4.5168,4.5148,4.5126,4.5083,4.5032,4.4609,4.4081,4.3359,4.2476,4.1744
25 YR,Vol,19.42,19.57,19.16,18.92,18.72,18.6,18.59,18.98,18.8,18.71,18.51,18.21,18.61,18.72,20.4
25 YR,Strike,4.5136,4.5074,4.5035,4.495,4.4862,4.4437,4.4114,4.3833,4.3592,4.3378,4.3006,4.252,4.1476,4.0658,3.8813
30 YR,Vol,19.09,19.35,19.37,19.39,19.32,19.3,19.2,19.46,19.32,19.05,18.52,17.72,17.8,17.82,20.96
30 YR,Strike,4.2074,4.2003,4.1873,4.1749,4.1626,4.1517,4.1393,4.1269,4.1147,4.1033,4.054,3.9941,3.9135,3.6954,3.5322
ATM-100bps,USD,1 YR,2 YR,3 YR,4 YR,5 YR,6 YR,7 YR,8 YR,9 YR,10 YR,12 YR,15 YR,20 YR,25 YR,30 YR
1 MO,Vol,,,,,,44.66,44.59,38.66,37.52,36.21,33.55,29.37,28.05,26.17,27.06
1 MO,Strike,,,,,,0.1317,0.3553,0.5585,0.7362,0.8959,1.1656,1.4393,1.6704,1.7874,1.8594
3 MO,Vol,,,,,,44.71,41.54,38.56,37.01,35.5,32.99,29.13,27.41,26.69,27.04
3 MO,Strike,,,,,,0.1903,0.4143,0.6129,0.7884,0.9467,1.2093,1.4743,1.6981,1.8111,1.8799
6 MO,Vol,,,,,46.37,43.19,41.14,38.39,37.07,36.21,33.72,29.78,28.26,27.31,27.37
6 MO,Strike,,,,,0.0554,0.2924,0.5122,0.706,0.8777,1.0332,1.2812,1.5327,1.7444,1.851,1.914
9 MO,Vol,,,,,44.93,41.84,39.51,37.55,36.37,34.76,32.78,29.73,27.91,27.06,26.65
9 MO,Strike,,,,,0.157,0.3938,0.6095,0.7979,0.9649,1.1171,1.3515,1.5888,1.7889,1.8892,1.9466
1 YR,Vol,,,,48.81,45.67,42.19,39.76,37.44,36.15,35.3,33.14,29.89,28.4,27.5,26.82
1 YR,Strike,,,,0.0087,0.2622,0.4997,0.7103,0.8927,1.0555,1.202,1.4232,1.6456,1.8344,1.9281,1.9799
2 YR,Vol,,,49.62,44.86,41.81,38.48,36.88,35.05,33.81,33.16,31.09,28.09,27.69,27.01,27.03
2 YR,Strike,,,0.2018,0.4735,0.7199,0.9328,1.1136,1.2733,1.4162,1.5361,1.7105,1.8723,2.014,2.0824,2.1118
3 YR,Vol,58.19,49.7,43.56,39.84,37.36,35.36,33.53,32.35,31.43,30.29,28.99,27.2,26.58,25.4,25.96
3 YR,Strike,0.1693,0.46,0.7405,0.9857,1.1928,1.3654,1.5159,1.6525,1.764,1.8454,1.9916,2.0909,2.1859,2.2301,2.2374
4 YR,Vol,52.75,45.84,41.3,38.18,36.04,34.39,32.7,31.18,30.3,29.54,28.51,27.09,26.5,25.99,25.84
4 YR,Strike,0.7512,1.0325,1.2678,1.4612,1.62,1.7584,1.8842,1.9867,2.0567,2.1234,2.2121,2.2822,2.3349,2.3571,2.3443
5 YR,Vol,42.99,38.92,36.39,34.42,33,31.64,30.13,29.11,28.48,27.85,27.02,25.82,25.53,24.94,24.98
5 YR,Strike,1.3184,1.5348,1.7098,1.8515,1.9765,2.092,2.1841,2.2423,2.2998,2.3548,2.3876,2.4355,2.4509,2.4557,2.4254
6 YR,Vol,34.49,32.73,30.98,29.86,28.56,27.52,26.59,26.03,25.42,25.12,24.92,24.61,23.3,23.23,22.8
6 YR,Strike,1.7594,1.9161,2.0416,2.1558,2.2632,2.3458,2.3929,2.4422,2.4908,2.4975,2.5162,2.5366,2.5331,2.5188,2.4795
7 YR,Vol,31.46,30.24,29.04,27.84,26.95,26.27,25.53,25.1,24.7,24.59,23.99,23.08,22.85,22.6,23.01
7 YR,Strike,2.0776,2.1893,2.2962,2.3995,2.475,2.5113,2.5536,2.5971,2.5944,2.596,2.6065,2.6035,2.5869,2.557,2.5108
8 YR,Vol,32.2,31.06,29.74,28.62,27.88,27.5,27,26.4,25.96,25.63,25.21,24.62,24.31,24.34,24.57
8 YR,Strike,2.304,2.4096,2.5138,2.5827,2.6071,2.6427,2.682,2.6698,2.6643,2.6636,2.6697,2.6453,2.62,2.5764,2.5252
9 YR,Vol,30.29,29.26,28.49,27.25,27.3,26.9,26.34,25.88,25.97,25.44,25.11,24.69,24.21,24.32,24.1
9 YR,Strike,2.5189,2.624,2.6824,2.6899,2.7181,2.7535,2.7301,2.7172,2.7114,2.7096,2.6974,2.6694,2.6373,2.5819,2.5271
10 YR,Vol,28.09,27.54,26.94,26.46,25.85,25.69,25.46,25.22,25.14,24.89,24.5,23.94,23.39,23.44,23.71
10 YR,Strike,2.7314,2.7687,2.7512,2.7726,2.8057,2.7702,2.75,2.7397,2.735,2.7342,2.704,2.6746,2.6392,2.5737,2.5168
12 YR,Vol,26.77,26.1,25.86,25.77,25.49,25.25,24.97,24.51,24.38,24.38,23.83,23.03,22.76,22.97,23.33
12 YR,Strike,2.7139,2.7769,2.833,2.7706,2.7414,2.7284,2.7235,2.7238,2.7033,2.6877,2.665,2.64,2.5886,2.5226,2.4574
15 YR,Vol,25.29,24.63,25.35,25.28,25.04,24.81,24.55,23.85,23.53,23.81,23,21.8,21.99,22.45,22.95
15 YR,Strike,2.5704,2.5911,2.6118,2.6303,2.6481,2.6273,2.6132,2.603,2.5957,2.5886,2.5773,2.5602,2.4846,2.4215,2.3455
20 YR,Vol,23.62,23.78,23.15,23.56,22.61,22.77,22.77,22.59,22.32,21.8,21.4,20.73,20.71,21.24,21.69
20 YR,Strike,2.5114,2.5144,2.5161,2.5188,2.5174,2.5168,2.5148,2.5126,2.5083,2.5032,2.4609,2.4081,2.3359,2.2476,2.1744
25 YR,Vol,22.32,22.5,22.03,21.76,21.55,21.45,21.48,21.95,21.78,21.69,21.5,21.22,21.81,22.04,24.31
25 YR,Strike,2.5136,2.5074,2.5035,2.495,2.4862,2.4437,2.4114,2.3833,2.3592,2.3378,2.3006,2.252,2.1476,2.0658,1.8813
30 YR,Vol,22.42,22.74,22.78,22.82,22.75,22.74,22.64,22.96,22.81,22.51,21.95,21.08,21.29,21.64,25.78
30 YR,Strike,2.2074,2.2003,2.1873,2.1749,2.1626,2.1517,2.1393,2.1269,2.1147,2.1033,2.054,1.9941,1.9135,1.6954,1.5322
ATM+200bps,USD,1 YR,2 YR,3 YR,4 YR,5 YR,6 YR,7 YR,8 YR,9 YR,10 YR,12 YR,15 YR,20 YR,25 YR,30 YR
1 MO,Vol,84.84,67,67.28,62.87,57.63,48.96,48.14,41.33,39.85,38.27,35.2,30.66,29.17,27.17,28.07
1 MO,Strike,2.3223,2.3889,2.4995,2.6779,2.8972,3.1317,3.3553,3.5585,3.7362,3.8959,4.1656,4.4393,4.6704,4.7874,4.8594
3 MO,Vol,75.85,61.33,61.27,56.39,52.85,48.79,44.71,41.14,39.23,37.45,34.59,30.39,28.5,27.7,28.04
3 MO,Strike,2.3265,2.408,2.5327,2.7274,2.9541,3.1903,3.4143,3.6129,3.7884,3.9467,4.2093,4.4743,4.6981,4.8111,4.8799
6 MO,Vol,73.22,62.37,62.2,56.77,51.16,46.81,44.08,40.81,39.19,38.12,35.3,31.04,29.36,28.33,28.37
6 MO,Strike,2.3596,2.4548,2.607,2.8193,3.0554,3.2924,3.5122,3.706,3.8777,4.0332,4.2812,4.5327,4.7444,4.851,4.914
9 MO,Vol,73.52,64.07,63.01,53.57,49.55,45.39,42.4,40.01,38.55,36.68,34.41,31.07,29.08,28.15,27.7
9 MO,Strike,2.3951,2.5054,2.6831,2.9119,3.157,3.3938,3.6095,3.7979,3.9649,4.1171,4.3515,4.5888,4.7889,4.8892,4.9466
1 YR,Vol,61.9,57.51,57.6,49.22,45.97,42.43,39.95,37.61,36.3,35.44,33.25,29.99,28.48,27.58,26.9
1 YR,Strike,2.4396,2.5657,2.7666,3.0087,3.2622,3.4997,3.7103,3.8927,4.0555,4.202,4.4232,4.6456,4.8344,4.9281,4.9799
2 YR,Vol,63.41,51.54,46.86,42.7,39.99,36.93,35.48,33.78,32.62,32.03,30.07,27.22,26.88,26.23,26.26
2 YR,Strike,2.6925,2.9315,3.2018,3.4735,3.7199,3.9328,4.1136,4.2733,4.4162,4.5361,4.7105,4.8723,5.014,5.0824,5.1118
3 YR,Vol,52.99,45.94,40.65,37.45,35.3,33.53,31.88,30.82,30,28.94,27.76,26.07,25.5,24.38,24.92
3 YR,Strike,3.1693,3.46,3.7405,3.9857,4.1928,4.3654,4.5159,4.6525,4.764,4.8454,4.9916,5.0909,5.1859,5.2301,5.2374
4 YR,Vol,43.36,38.55,35.29,33.05,31.49,30.26,28.91,27.67,26.96,26.34,25.49,24.27,23.78,23.33,23.19
4 YR,Strike,3.7512,4.0325,4.2678,4.4612,4.62,4.7584,4.8842,4.9867,5.0567,5.1234,5.2121,5.2822,5.3349,5.3571,5.3443
5 YR,Vol,36.66,33.61,31.7,30.18,29.08,28.01,26.77,25.93,25.42,24.9,24.2,23.16,22.9,22.38,22.39
5 YR,Strike,4.3184,4.5348,4.7098,4.8515,4.9765,5.092,5.1841,5.2423,5.2998,5.3548,5.3876,5.4355,5.4509,5.4557,5.4254
6 YR,Vol,33.54,31.87,30.19,29.12,27.87,26.87,25.96,25.42,24.83,24.54,24.34,24.05,22.77,22.69,22.27
6 YR,Strike,4.7594,4.9161,5.0416,5.1558,5.2632,5.3458,5.3929,5.4422,5.4908,5.4975,5.5162,5.5366,5.5331,5.5188,5.4795
7 YR,Vol,30.62,29.46,28.31,27.16,26.3,25.64,24.93,24.51,24.12,24.02,23.43,22.54,22.32,22.07,22.46
7 YR,Strike,5.0776,5.1893,5.2962,5.3995,5.475,5.5113,5.5536,5.5971,5.5944,5.596,5.6065,5.6035,5.5869,5.557,5.5108
8 YR,Vol,27.01,26.16,25.15,24.27,23.67,23.37,22.98,22.46,22.08,21.8,21.45,20.93,20.64,20.63,20.79
8 YR,Strike,5.304,5.4096,5.5138,5.5827,5.6071,5.6427,5.682,5.6698,5.6643,5.6636,5.6697,5.6453,5.62,5.5764,5.5252
9 YR,Vol,25.92,25.12,24.5,23.44,23.5,23.18,22.68,22.28,22.35,21.89,21.6,21.22,20.8,20.86,20.63
9 YR,Strike,5.5189,5.624,5.6824,5.6899,5.7181,5.7535,5.7301,5.7172,5.7114,5.7096,5.6974,5.6694,5.6373,5.5819,5.5271
10 YR,Vol,23.59,23.15,22.64,22.25,21.77,21.6,21.39,21.18,21.11,20.9,20.55,20.06,19.57,19.56,19.73
10 YR,Strike,5.7314,5.7687,5.7512,5.7726,5.8057,5.7702,5.75,5.7397,5.735,5.7342,5.704,5.6746,5.6392,5.5737,5.5168
12 YR,Vol,22.89,22.41,22.34,22.1,21.75,21.56,21.34,20.96,20.81,20.78,20.28,19.57,19.32,19.44,19.69
12 YR,Strike,5.7139,5.7769,5.833,5.7706,5.7414,5.7284,5.7235,5.7238,5.7033,5.6877,5.665,5.64,5.5886,5.5226,5.4574
15 YR,Vol,21.84,21.29,21.93,21.88,21.69,21.48,21.24,20.62,20.34,20.58,19.86,18.82,18.91,19.25,19.6
15 YR,Strike,5.5704,5.5911,5.6118,5.6303,5.6481,5.6273,5.6132,5.603,5.5957,5.5886,5.5773,5.5602,5.4846,5.4215,5.3455
20 YR,Vol,20.2,20.34,19.81,20.16,19.34,19.48,19.48,19.32,19.09,18.64,18.26,17.65,17.57,17.95,18.26
20 YR,Strike,5.5114,5.5144,5.5161,5.5188,5.5174,5.5168,5.5148,5.5126,5.5083,5.5032,5.4609,5.4081,5.3359,5.2476,5.1744
25 YR,Vol,19.11,19.25,18.85,18.61,18.42,18.3,18.29,18.67,18.5,18.4,18.21,17.92,18.31,18.41,20.06
25 YR,Strike,5.5136,5.5074,5.5035,5.495,5.4862,5.4437,5.4114,5.3833,5.3592,5.3378,5.3006,5.252,5.1476,5.0658,4.8813
30 YR,Vol,18.76,19.02,19.04,19.07,18.99,18.97,18.87,19.13,18.99,18.73,18.2,17.42,17.5,17.51,20.59
30 YR,Strike,5.2074,5.2003,5.1873,5.1749,5.1626,5.1517,5.1393,5.1269,5.1147,5.1033,5.054,4.9941,4.9135,4.6954,4.5322
ATM-200bps,USD,1 YR,2 YR,3 YR,4 YR,5 YR,6 YR,7 YR,8 YR,9 YR,10 YR,12 YR,15 YR,20 YR,25 YR,30 YR
1 MO,Vol,,,,,,,,,,,32.99,28.94,27.67,25.83,26.72
1 MO,Strike,,,,,,,,,,,0.1656,0.4393,0.6704,0.7874,0.8594
3 MO,Vol,,,,,,,,,,,32.46,28.71,27.05,26.35,26.71
3 MO,Strike,,,,,,,,,,,0.2093,0.4743,0.6981,0.8111,0.8799
6 MO,Vol,,,,,,,,,,35.57,33.19,29.36,27.89,26.97,27.03
6 MO,Strike,,,,,,,,,,0.0332,0.2812,0.5327,0.7444,0.851,0.914
9 MO,Vol,,,,,,,,,,34.11,32.23,29.28,27.52,26.69,26.3
9 MO,Strike,,,,,,,,,,0.1171,0.3515,0.5888,0.7889,0.8892,0.9466
1 YR,Vol,,,,,,,,,36.1,35.26,33.1,29.86,28.37,27.47,26.8
1 YR,Strike,,,,,,,,,0.0555,0.202,0.4232,0.6456,0.8344,0.9281,0.9799
2 YR,Vol,,,,,,,37.39,35.5,34.22,33.54,31.42,28.37,27.96,27.26,27.28
2 YR,Strike,,,,,,,0.1136,0.2733,0.4162,0.5361,0.7105,0.8723,1.014,1.0824,1.1118
3 YR,Vol,,,,,38.22,36.11,34.2,32.96,32,30.83,29.49,27.65,27,25.8,26.37
3 YR,Strike,,,,,0.1928,0.3654,0.5159,0.6525,0.764,0.8454,0.9916,1.0909,1.1859,1.2301,1.2374
4 YR,Vol,,51.33,45.78,42.06,39.52,37.56,35.57,33.81,32.8,31.91,30.72,29.14,28.48,27.91,27.75
4 YR,Strike,,0.0325,0.2678,0.4612,0.62,0.7584,0.8842,0.9867,1.0567,1.1234,1.2121,1.2822,1.3349,1.3571,1.3443
5 YR,Vol,53.98,47.61,43.68,40.75,38.62,36.66,34.65,33.33,32.46,31.61,30.61,29.14,28.77,28.1,28.21
5 YR,Strike,0.3184,0.5348,0.7098,0.8515,0.9765,1.092,1.1841,1.2423,1.2998,1.3548,1.3876,1.4355,1.4509,1.4557,1.4254
6 YR,Vol,35.43,33.49,31.6,30.38,29,27.9,26.92,26.33,25.7,25.39,25.17,24.86,23.53,23.46,23.05
6 YR,Strike,0.7594,0.9161,1.0416,1.1558,1.2632,1.3458,1.3929,1.4422,1.4908,1.4975,1.5162,1.5366,1.5331,1.5188,1.4795
7 YR,Vol,31.97,30.64,29.36,28.08,27.14,26.44,25.67,25.22,24.81,24.71,24.1,23.19,22.97,22.73,23.16
7 YR,Strike,1.0776,1.1893,1.2962,1.3995,1.475,1.5113,1.5536,1.5971,1.5944,1.596,1.6065,1.6035,1.5869,1.557,1.5108
8 YR,Vol,39.47,37.54,35.47,33.85,32.88,32.28,31.55,30.9,30.4,30.02,29.51,28.9,28.62,28.8,29.26
8 YR,Strike,1.304,1.4096,1.5138,1.5827,1.6071,1.6427,1.682,1.6698,1.6643,1.6636,1.6697,1.6453,1.62,1.5764,1.5252
9 YR,Vol,36.98,35.21,34.09,32.58,32.55,31.97,31.37,30.85,30.98,30.35,30,29.58,29.11,29.43,29.39
9 YR,Strike,1.5189,1.624,1.6824,1.6899,1.7181,1.7535,1.7301,1.7172,1.7114,1.7096,1.6974,1.6694,1.6373,1.5819,1.5271
10 YR,Vol,33.48,32.73,32.07,31.44,30.64,30.53,30.3,30.04,29.95,29.66,29.26,28.66,28.08,28.29,28.75
10 YR,Strike,1.7314,1.7687,1.7512,1.7726,1.8057,1.7702,1.75,1.7397,1.735,1.7342,1.704,1.6746,1.6392,1.5737,1.5168
12 YR,Vol,31.98,31,30.55,30.65,30.39,30.13,29.8,29.26,29.15,29.18,28.57,27.65,27.44,27.84,28.45
12 YR,Strike,1.7139,1.7769,1.833,1.7706,1.7414,1.7284,1.7235,1.7238,1.7033,1.6877,1.665,1.64,1.5886,1.5226,1.4574
15 YR,Vol,30.44,29.61,30.43,30.3,29.98,29.75,29.47,28.64,28.27,28.62,27.67,26.26,26.68,27.48,28.41
15 YR,Strike,1.5704,1.5911,1.6118,1.6303,1.6481,1.6273,1.6132,1.603,1.5957,1.5886,1.5773,1.5602,1.4846,1.4215,1.3455
20 YR,Vol,27.37,27.55,26.82,27.28,26.19,26.38,26.39,26.17,25.87,25.29,24.94,24.31,24.48,25.39,26.16
20 YR,Strike,1.5114,1.5144,1.5161,1.5188,1.5174,1.5168,1.5148,1.5126,1.5083,1.5032,1.4609,1.4081,1.3359,1.2476,1.1744
25 YR,Vol,26.44,26.67,26.13,25.84,25.62,25.67,25.83,26.52,26.41,26.39,26.32,26.17,27.37,28.06,32
25 YR,Strike,1.5136,1.5074,1.5035,1.495,1.4862,1.4437,1.4114,1.3833,1.3592,1.3378,1.3006,1.252,1.1476,1.0658,0.8813
30 YR,Vol,27.9,28.33,28.44,28.55,28.52,28.55,28.49,28.96,28.82,28.5,28.01,27.18,27.85,29.48,36.31
30 YR,Strike,1.2074,1.2003,1.1873,1.1749,1.1626,1.1517,1.1393,1.1269,1.1147,1.1033,1.054,0.9941,0.9135,0.6954,0.5322